"Id","Type","Module","Text"
"MSG001","Error","Required field","Trường * không được để trống"
"MSG002","Error","Login","Email hoặc Password không chính xác"
"MSG003","Error","Email format","Email không đúng định dạng"
"MSG004","Error","Field length","Chỉ được nhập tối đa 50 ký tự"
"MSG005","Error","Phone format","Số điện thoại không đúng định dạng (10 số)"
"MSG006","Error","Date of birth","Ngày sinh phải trước ngày hiện tại"
"MSG007","Error","Password length","Mật khẩu tối thiểu 8 ký tự"
"MSG008","Error","Password match","Mật khẩu và xác nhận mật khẩu phải trùng khớp"
"MSG009","Error","Duplicate email","Email đã được sử dụng"
"MSG010","Error","OTP","Mã OTP không hợp lệ hoặc đã hết hạn"
"MSG011","Error","Image format","Ảnh phải có định dạng JPG, PNG hoặc WEBP"
"MSG012","Toast (Error)","Image size","Dung lượng ảnh không được vượt quá 5MB"
"MSG013","Toast (Error)","Password complexity","Mật khẩu phải chứa ít nhất 1 chữ hoa, 1 chữ thường, 1 số và 1 ký tự đặc biệt"
"MSG014","Toast (Error)","Duplicate phone","Số điện thoại đã được sử dụng"
"MSG015","Toast (Success)","Duplicate username","Tên đăng nhập đã tồn tại"
"MSG016","Toast (Success)","Create Center","Tên trung tâm đã tồn tại trong hệ thống"
"MSG017","Toast (Success)","Update Center","Không thể chuyển sang trạng thái không hoạt động khi còn subscription"
"MSG018","Toast (Success)","Create Plan","Tên gói dịch vụ đã tồn tại"
"MSG019","Toast (Error)","Create Plan","Giá phải lớn hơn hoặc bằng 0"
"MSG020","Toast (Success)","Create Plan","Thời hạn phải là 1, 3, 6 hoặc 12 tháng"
"MSG021","Toast (Success)","Delete Plan","Có trung tâm đang sử dụng gói này. Không thể xóa"
"MSG022","Toast (Success)","Subscription","Ngày bắt đầu phải là hôm nay hoặc ngày tương lai"
"MSG023","Toast (Error)","Payment","Thanh toán thất bại. Vui lòng thử lại"
"MSG024","Modal (Confirm)","Payment","Số tiền thanh toán không chính xác"
"MSG025","Toast (Error)","Payment","Bạn có chắc chắn muốn hủy thanh toán?"
"MSG026","Toast (Error)","Refund","Số tiền hoàn lại không được vượt quá số tiền đã thanh toán"
"MSG027","Toast (Success)","Refund","Chỉ có thể yêu cầu hoàn tiền trong vòng 30 ngày kể từ ngày thanh toán"
"MSG028","Toast (Success)","Create Student","Học sinh phải từ 5 tuổi trở lên"
"MSG029","Toast (Error)","Zalo OA Verify Fail","Kết nối thất bại. Kiểm tra lại OA ID và Secret Key."
"MSG030","Toast (Error)","Zalo OA Auth Val","Vui lòng thiết lập OA ID trước khi cấp quyền."
"MSG031","Toast (Success)","Zalo OA Auth Success","Cấp quyền Zalo OA thành công!"
"MSG032","Toast (Success)","Zalo OA Delete Success","Đã xóa cấu hình Zalo OA."
"MSG033","Toast (Success)","Class Delete Success","Đã xóa lớp ""{name}"" thành công!"
"MSG034","Toast (Error)","Class Delete Fail","Xóa lớp thất bại!"
"MSG035","Toast (Error)","Subject Val","Vui lòng chọn môn học hợp lệ!"
"MSG036","Toast (Success)","Class Update Success","Đã cập nhật lớp ""{name}"" thành công!"
"MSG037","Toast (Success)","Class Create Success","Đã tạo lớp ""{name}"" thành công!"
"MSG038","Toast (Success)","Subject Delete Success","Đã xóa môn học ""{name}"" thành công!"
"MSG039","Toast (Error)","Subject Delete Fail","Môn học đang được sử dụng, không thể xóa!"
"MSG040","Toast (Error)","Load Student Fail","Không thể tải danh sách học sinh."
"MSG041","Toast (Success)","Student Update Success","Cập nhật học sinh thành công!"
"MSG042","Toast (Success)","Student Create Success","Thêm học sinh thành công!"
"MSG043","Toast (Success)","Status Toggle Success","Đổi trạng thái thành công!"
"MSG044","Toast (Success)","Account Sent Success","Đã gửi tài khoản cho học sinh!"
"MSG045","Toast (Success)","Bulk Account Sent","Đã gửi tài khoản cho {count} học sinh!"
"MSG046","Toast (Success)","Request Approve Success","Đã duyệt yêu cầu và tạo tài khoản học sinh!"
"MSG047","Toast (Success)","Request Reject Success","Đã từ chối yêu cầu."
"MSG048","Toast (Success)","Staff Create/Update","Thêm/Cập nhật nhân viên thành công!"
"MSG049","Toast (Success)","Parent Create/Update","Thêm/Cập nhật phụ huynh thành công!"
"MSG050","Toast (Success)","Parent Account Sent","Đã gửi tài khoản phụ huynh thành công!"
"MSG051","Toast (Success)","Bulk Parent Account","Đã gửi thành công {count} tài khoản!"
"MSG052","Toast (Error)","Load Tuition Fail","Không thể tải danh sách lớp."
"MSG053","Toast (Error)","Price Val","Vui lòng nhập đơn giá hợp lệ."
"MSG054","Toast (Success)","Price Update Success","Đã cập nhật đơn giá lớp học."
"MSG055","Toast (Error)","Class Val","Vui lòng chọn lớp học."
"MSG056","Toast (Success)","Calculate Success","Đã tính toán học phí cho {count} học sinh."
"MSG057","Toast (Success)","Invoice Create Success","Đã tạo {count} hóa đơn thành công."
"MSG058","Toast (Success)","Invoice Sent Success","Đã gửi hóa đơn cho học sinh."
"MSG059","Toast (Success)","Cash Payment Success","Đã xác nhận thu tiền thành công."
"MSG060","Modal (Confirm)","Bulk Invoice Confirm","Bạn có muốn tạo hóa đơn cho {count} học sinh...?"
"MSG061","Modal (Confirm)","Bulk Send Invoice","Bạn đang chuẩn bị gửi {count} hóa đơn nháp...?"
"MSG062","Modal (Confirm)","Cash Payment Confirm","Bạn đã thực nhận tiền mặt từ học sinh này?"
"MSG063","Toast (Error)","Revenue Load Fail","Không thể tải báo cáo doanh thu."
"MSG064","Toast (Success)","Export Success","Đang xuất báo cáo..."
"MSG065","Toast (Error)","Export Fail","Lỗi khi xuất báo cáo."
"MSG066","Toast (Error)","Schedule Load Fail","Không thể tải lịch học."
"MSG067","Toast (Success)","Schedule Delete Success","Đã xóa buổi học."
"MSG068","Toast (Error)","Schedule Delete Fail","Không thể xóa buổi học."
"MSG069","Modal (Confirm)","Clear Class Schedule","Bạn có chắc muốn xóa TOÀN BỘ lịch học của lớp này?"
"MSG070","Toast (Error)","Grading Load Fail","Không thể tải dữ liệu chấm điểm"
"MSG071","Toast (Success)","Grade Save Success","Đã lưu điểm thành công"
"MSG072","Toast (Error)","Grade Save Fail","Có lỗi khi lưu điểm"
"MSG073","Toast (Error)","Grade Val","Điểm số phải từ 0 đến 10"
"MSG074","Toast (Error)","Publish Val","Không có bài nào đã chấm để công bố"
"MSG075","Toast (Success)","Publish All Success","Đã công bố tất cả điểm"
"MSG076","Toast (Success)","Unpublish All Success","Đã hủy công bố tất cả điểm"
"MSG077","Toast (Error)","Bulk Action Fail","Có lỗi xảy ra khi công bố hàng loạt"
"MSG078","Toast (Success)","Grade Reset Success","Đã hủy đánh giá. Học sinh có thể nộp lại bài."
"MSG079","Toast (Error)","Grade Reset Fail","Có lỗi khi hủy đánh giá"
"MSG080","Toast (Error)","Library Load Fail","Không thể tải dữ liệu thư viện"
"MSG081","Toast (Success)","ASM Update Success","Cập nhật bài tập thành công"
"MSG082","Toast (Success)","ASM Create Success","Tạo bài tập thành công"
"MSG083","Toast (Error)","ASM Save Fail","Không thể lưu bài tập"
"MSG084","Toast (Success)","ASM Delete Success","Xóa bài tập thành công"
"MSG085","Toast (Error)","ASM Delete Fail","Không thể xóa bài tập"
"MSG086","Toast (Success)","Material Delete Success","Xóa tài liệu thành công"
"MSG087","Toast (Error)","Material Delete Fail","Không thể xóa tài liệu"
"MSG088","Toast (Info)","Download","Đang tải xuống: {name}"
"MSG089","Toast (Error)","Download Fail","Không có đường dẫn tải về"
"MSG090","Toast (Error)","Report Load Fail","Lỗi khi tải báo cáo"
"MSG091","Toast (Error)","Class Info Fail","Không tìm thấy thông tin lớp học"
"MSG092","Toast (Success)","Request Sent Success","Yêu cầu đã được gửi đến admin!"
"MSG093","Toast (Error)","Request Sent Fail","Gửi yêu cầu thất bại."
"MSG094","Toast (Error)","My Classes Load Fail","Không thể tải danh sách lớp học"
"MSG095","Toast (Error)","Class Detail Load Fail","Không thể tải thông tin lớp học. Vui lòng thử lại sau."
"MSG096","Toast (Error)","Submission File Val","Vui lòng chọn file để nộp bài."
"MSG097","Toast (Success)","Submission Update Success","Cập nhật bài nộp thành công!"
"MSG098","Toast (Success)","Submission Success","Nộp bài thành công!"
"MSG099","Toast (Error)","Submission Fail","Có lỗi khi nộp bài"
"MSG100","Toast (Error)","File Not Found","Không tìm thấy tệp tin"
"MSG101","Toast (Error)","Schedule Load Fail","Không thể tải lịch học (Student)"
"MSG102","Toast (Error)","Invoices Load Fail","Không thể tải danh sách hóa đơn"
"MSG103","Toast (Error)","Paid Invoice Val","Hóa đơn này đã được thanh toán"
"MSG104","Toast (Error)","Cancelled Invoice Val","Hóa đơn này đã bị hủy"
"MSG105","Toast (Error)","Draft Invoice Val","Hóa đơn chưa được gửi, vui lòng liên hệ trung tâm"
"MSG106","Toast (Error)","Payment Init Fail","Lỗi tạo thanh toán"
"MSG107","Toast (Error)","Payment Error","Lỗi thanh toán"
"MSG108","Toast (Error)","Child Class Detail Fail","Không thể tải chi tiết lớp học"
"MSG109","Toast (Error)","Child Classes Load Fail","Không thể tải dữ liệu lớp học"
"MSG110","Toast (Error)","Child Schedule Load Fail","Không thể tải lịch học (Parent)"
"MSG111","Toast (Error)","Feedback Load Fail","Không thể tải danh sách phản hồi."
"MSG112","Toast (Validation)","Category Val","Vui lòng chọn danh mục."
"MSG113","Toast (Validation)","Subject Val","Vui lòng nhập tiêu đề."
"MSG114","Toast (Validation)","Content Val","Nội dung phải có ít nhất 20 ký tự."
"MSG115","Toast (Validation)","Rating Val","Vui lòng chọn mức đánh giá."
"MSG116","Toast (Success)","Feedback Sent Success","Phản hồi đã được gửi thành công!"
"MSG117","Toast (Error)","Feedback Sent Fail","Gửi phản hồi thất bại."
"MSG118","Toast (Error)","Auth - Register","Username đã tồn tại"
"MSG119","Toast (Error)","Auth - Login","Tài khoản hoặc mật khẩu không đúng"
"MSG120","Toast (Error)","Auth - Login","Tài khoản của bạn đã bị khóa"
"MSG121","Toast (Error)","Auth - Pwd Reset","Mã xác thực đã hết hạn hoặc không tồn tại. Vui lòng yêu cầu mã mới."
"MSG122","Toast (Error)","Auth - Pwd Reset","Mã xác thực không chính xác."
"MSG123","Toast (Error)","Auth - Pwd Reset","Mật khẩu mới phải có ít nhất 6 ký tự."
"MSG124","Toast (Error)","Class - Manage","Không tìm thấy môn học"
"MSG125","Toast (Error)","Class - Manage","Không tìm thấy giáo viên"
"MSG126","Toast (Error)","Class - Manage","Giáo viên đã được phân công cho lớp '{name}' trong khoảng thời gian này"
"MSG127","Toast (Error)","Class - Manage","Trợ giảng đã được phân công cho lớp '{name}' trong khoảng thời gian này"
"MSG128","Toast (Error)","Class - Manage","Phòng '{name}' đã được đặt bởi lớp '{class}' vào {day}..."
"MSG129","Toast (Error)","Class - Manage","Phòng '{name}' đang bảo trì, không thể sử dụng"
"MSG130","Toast (Error)","Class - Manage","Ngày bắt đầu không thể lớn hơn ngày kết thúc"
"MSG131","Toast (Error)","Schedule Val","Mỗi buổi học phải kéo dài ít nhất 1 tiếng 30 phút (90 phút)"
"MSG132","Toast (Error)","Class - Manage","Không thể xóa lớp học: lớp đang có học viên tham gia"
"MSG133","Toast (Error)","Class - Student","Học sinh này đã tham gia lớp học này"
"MSG134","Toast (Error)","Class - Import","Học sinh with username '{user}' chưa có trong hệ thống."
"MSG135","Toast (Error)","Tuition - Calc","Chưa thiết lập đơn giá mỗi buổi học cho lớp này. Vui lòng thiết lập đơn giá trong trang Quản lý học phí."
"MSG136","Toast (Error)","Tuition - Calc","Lớp học chưa có học sinh nào. Vui lòng thêm học sinh vào lớp trước khi tính học phí."
"MSG137","Toast (Error)","Tuition - Unit","Lớp học chưa có đơn giá mỗi buổi. Vui lòng cập nhật đơn giá trong trang Quản lý học phí trước khi tính học phí."
"MSG138","Toast (Error)","Invoice - Manage","Hóa đơn đã tồn tại cho học sinh, lớp học và tháng này."
"MSG139","Toast (Error)","Invoice - Manage","Không thể hủy hóa đơn đã thanh toán."
"MSG140","Toast (Error)","Attendance","Chỉ được điểm danh trong ngày hôm nay"
"MSG141","Toast (Error)","Attendance","Buổi học chưa bắt đầu"
"MSG142","Toast (Error)","ASM - Create","File tải lên không được rỗng (0MB)."
"MSG143","Toast (Error)","ASM - Create","File bài tập này đã tồn tại trong buổi học này."
"MSG144","Toast (Error)","Submission","Bài nộp đã tồn tại"
"MSG145","Toast (Error)","Submission","Không thể cập nhật bài nộp vì nó đã được chấm hoặc công khai."
"MSG146","Toast (Error)","Zalo OA","Zalo OA chưa được kích hoạt cho trung tâm này."
"MSG147","Toast (Error)","Zalo OA","Token Zalo OA đã hết hạn và không thể làm mới."
"MSG148","Inline Error","Form Validation","Tên phải có ít nhất 3 ký tự"
"MSG149","Inline Error","Form Validation","Tên chỉ chứa chữ cái và khoảng trắng"
"MSG150","Inline Error","Form Validation","Email không hợp lệ"
"MSG151","Inline Error","Form Validation","Email này đã được sử dụng bởi học sinh khác"
"MSG152","Inline Error","Form Validation","Số điện thoại không hợp lệ (10-11 số, bắt đầu bằng 0)"
"MSG153","Inline Error","Form Validation","Vui lòng chọn khối"
"MSG154","Inline Error","Feedback Form","Vui lòng chọn danh mục."
"MSG155","Inline Error","Feedback Form","Vui lòng nhập tiêu đề."
"MSG156","Inline Error","Feedback Form","Nội dung phải có ít nhất 20 ký tự."
"MSG157","Inline Error","Feedback Form","Vui lòng chọn mức đánh giá."
"MSG158","Inline Error","Subject Form","Vui lòng nhập tên môn học!"
"MSG159","Inline Error","Assignment Form","Vui lòng chọn hạn nộp bài (hoặc lưu nháp)"
"MSG160","Inline Error","Class Form","Vui lòng điền đầy đủ thông tin cho tất cả các buổi học!"
"MSG161","Inline Error","Class Form","Có buổi học bị trùng lặp! Vui lòng kiểm tra lại lịch học."
"MSG162","Toast (Error)","Zalo OA","Tenant không tồn tại."
"MSG163","Toast (Error)","Zalo OA","Tenant chưa cấu hình Zalo OA."
"MSG164","Toast (Error)","Zalo OA","OA ID (App ID) trong cấu hình bị rỗng. Vui lòng cập nhật lại cấu hình."
"MSG165","Toast (Error)","Zalo OA","Secret Key trong cấu hình bị rỗng. Vui lòng cập nhật lại cấu hình."
"MSG166","Toast (Error)","Zalo OA","Chưa hoàn tất cấp quyền Zalo OA. Vui lòng bấm nút 'Cấp quyền' để ủy quyền qua Zalo."
"MSG167","Toast (Error)","Zalo OA","Token Zalo OA đã hết hạn và không thể làm mới. Vui lòng cấp quyền lại."
"MSG168","Toast (Error)","Zalo OA","Không thể kết nối đến Zalo API. Kiểm tra kết nối mạng."
"MSG169","Toast (Error)","Zalo OA","Zalo từ chối kết nối. Kiểm tra App ID, Secret Key và Redirect URI."
"MSG170","Toast (Error)","User - Manage","Tài khoản người dùng đã bị khóa."
"MSG171","Toast (Error)","User - Manage","Tài khoản người dùng đang hoạt động."
"MSG172","Toast (Error)","File - Upload","Không tìm thấy tệp đã chọn."
"MSG173","Toast (Error)","File - Upload","Tệp tải lên trống!"
"MSG174","Toast (Error)","Tenant - Sys","SubDomain không được chứa khoảng trắng."
"MSG175","Toast (Error)","Tenant - Sys","SubDomain chỉ được chứa chữ cái thường, số và dấu '-'."
"MSG176","Toast (Error)","Tenant - Sys","SubDomain đã tồn tại."
"MSG177","Toast (Error)","Tenant - Sys","Tên trung tâm đã tồn tại."
"MSG178","Toast (Error)","Staff - Manage","Tên đăng nhập đã tồn tại."
"MSG179","Toast (Error)","Staff - Manage","Email đã tồn tại."
"MSG180","Toast (Error)","Teacher - Del","Không thể xóa giáo viên: giáo viên đã được phân công lớp học."
"MSG181","Toast (Error)","Support Req","Không tìm thấy request."
"MSG182","Toast (Error)","Subscription","Không tìm thấy gói dịch vụ hoặc gói không còn hoạt động."
"MSG183","Toast (Error)","Subscription","Trung tâm này đã đăng ký gói này và vẫn còn hạn sử dụng."
"MSG184","Toast (Error)","Subscription","Gói '{name}' đã ngừng cung cấp. Vui lòng đổi gói khác."
"MSG185","Toast (Error)","Assignment","Bài tập này chưa mở"
"MSG186","Toast (Error)","Class - Init","Ngày bắt đầu không thể nằm trong quá khứ"
"MSG187","Toast (Error)","Class - Init","Trạng thái phải là Active, Inactive, Completed, Cancelled"
"MSG188","Toast (Error)","Schedule","Ngày trong tuần phải từ 0 đến 6"
"MSG189","Toast (Error)","Schedule","Giờ bắt đầu phải nhỏ hơn giờ kết thúc"
"MSG190","Toast (Success)","Material Management","Đã xóa tài liệu khỏi buổi học!"
"MSG191","Toast (Error)","Material Management","Không thể xóa tài liệu. Vui lòng thử lại."
"MSG192","Toast (Success)","ASM Management","Đã xóa bài tập khỏi buổi học!"
"MSG193","Toast (Error)","ASM Management","Không thể xóa bài tập. Vui lòng thử lại."
"MSG194","Toast (Success)","Library Import","Đã import {count} mục vào buổi học!"
"MSG195","Toast (Error)","Library Import","Lỗi khi import từ thư viện."
